{
  "freesolv": {
    "metric": "rmse",
    "val": 1.9601765723118012,
    "test": 0.9086075878097094
  },
  "esol": {
    "metric": "rmse",
    "val": 0.6899080075222862,
    "test": 0.7168095473053626
  },
  "bace": {
    "metric": "roc-auc",
    "val": 0.8850961309097848,
    "test": 0.841864406779661
  },
  "hiv": {
    "metric": "roc-auc",
    "val": 0.7923430650125921,
    "test": 0.7502051629874729
  },
  "tox21_nr_ar": {
    "metric": "roc-auc",
    "val": 0.8306317539484622,
    "test": 0.7201420748853041
  },
  "tox21_sr_mmp": {
    "metric": "roc-auc",
    "val": 0.8905818847620017,
    "test": 0.925976111612968
  },
  "tox21_sr_p53": {
    "metric": "roc-auc",
    "val": 0.844138291411866,
    "test": 0.814538295817547
  },
  "sider_hepatobiliary": {
    "metric": "roc-auc",
    "val": 0.7118852459016393,
    "test": 0.748006379585327
  },
  "sider_reproductive": {
    "metric": "roc-auc",
    "val": 0.6912587412587413,
    "test": 0.7557814992025518
  },
  "clintox_ct_tox": {
    "metric": "roc-auc",
    "val": 0.9662101481814099,
    "test": 0.9507042253521126
  }
}