{
  "freesolv": {
    "metric": "rmse",
    "val": 1.7658250856676942,
    "test": 0.8417224917647514
  },
  "esol": {
    "metric": "rmse",
    "val": 0.656634107395495,
    "test": 0.6330415959053889
  },
  "bace": {
    "metric": "roc-auc",
    "val": 0.8884833738848337,
    "test": 0.8411864406779661
  },
  "hiv": {
    "metric": "roc-auc",
    "val": 0.8171910269564406,
    "test": 0.7638677064089545
  },
  "tox21_nr_ar": {
    "metric": "roc-auc",
    "val": 0.8422613338448749,
    "test": 0.7121010310295496
  },
  "tox21_sr_mmp": {
    "metric": "roc-auc",
    "val": 0.90193518660728,
    "test": 0.9313208872829469
  },
  "tox21_sr_p53": {
    "metric": "roc-auc",
    "val": 0.8515302159391022,
    "test": 0.8212614218854468
  },
  "sider_hepatobiliary": {
    "metric": "roc-auc",
    "val": 0.7091920374707261,
    "test": 0.7515948963317384
  },
  "sider_reproductive": {
    "metric": "roc-auc",
    "val": 0.7087412587412587,
    "test": 0.7535885167464115
  },
  "clintox_ct_tox": {
    "metric": "roc-auc",
    "val": 0.9644140098787606,
    "test": 0.9565727699530515
  }
}