{
  "freesolv": {
    "metric": "rmse",
    "val": 1.816928933841205,
    "test": 0.8117819024021612
  },
  "esol": {
    "metric": "rmse",
    "val": 0.6771404764575636,
    "test": 0.6428433904485861
  },
  "bace": {
    "metric": "roc-auc",
    "val": 0.8866227756309336,
    "test": 0.8411864406779661
  },
  "hiv": {
    "metric": "roc-auc",
    "val": 0.8091488667101949,
    "test": 0.7631669670727457
  },
  "tox21_nr_ar": {
    "metric": "roc-auc",
    "val": 0.8310074173540507,
    "test": 0.7168368605396872
  },
  "tox21_sr_mmp": {
    "metric": "roc-auc",
    "val": 0.8996141361464349,
    "test": 0.9298655023587272
  },
  "tox21_sr_p53": {
    "metric": "roc-auc",
    "val": 0.8515302159391022,
    "test": 0.8212614218854468
  },
  "sider_hepatobiliary": {
    "metric": "roc-auc",
    "val": 0.7214871194379392,
    "test": 0.7537878787878788
  },
  "sider_reproductive": {
    "metric": "roc-auc",
    "val": 0.7165501165501165,
    "test": 0.748006379585327
  },
  "clintox_ct_tox": {
    "metric": "roc-auc",
    "val": 0.9621688370004491,
    "test": 0.9471830985915493
  }
}