{
  "adme_hlm": {
    "metric": "pearson",
    "val": 0.6884717140418337,
    "test": 0.6762148902682262
  },
  "adme_rlm": {
    "metric": "pearson",
    "val": 0.7135246548419184,
    "test": 0.7426098993852177
  },
  "adme_mdr1": {
    "metric": "pearson",
    "val": 0.7147208759317865,
    "test": 0.7345576200582637
  },
  "adme_solu": {
    "metric": "pearson",
    "val": 0.5760590885144239,
    "test": 0.5705388615142671
  }
}