{
  "adme_hlm": {
    "metric": "pearson",
    "val": 0.7318914751225871,
    "test": 0.7367899464817764
  },
  "adme_rlm": {
    "metric": "pearson",
    "val": 0.7396095971684133,
    "test": 0.7581941433007947
  },
  "adme_mdr1": {
    "metric": "pearson",
    "val": 0.7315581617969271,
    "test": 0.7567477558153274
  },
  "adme_solu": {
    "metric": "pearson",
    "val": 0.5898445936369947,
    "test": 0.6191015173548758
  }
}