{
  "adme_hlm": {
    "metric": "pearson",
    "val": 0.6821273914928273,
    "test": 0.6724713654153505
  },
  "adme_rlm": {
    "metric": "pearson",
    "val": 0.7022461489309999,
    "test": 0.7294534502029776
  },
  "adme_mdr1": {
    "metric": "pearson",
    "val": 0.718219085548537,
    "test": 0.7290781098979193
  },
  "adme_solu": {
    "metric": "pearson",
    "val": 0.5744688880734623,
    "test": 0.5748320139683276
  }
}