{
  "adme_hlm": {
    "metric": "pearson",
    "val": 0.6784934179607267,
    "test": 0.6822641836334591
  },
  "adme_rlm": {
    "metric": "pearson",
    "val": 0.698508852124093,
    "test": 0.7440637889076017
  },
  "adme_mdr1": {
    "metric": "pearson",
    "val": 0.7085076194056015,
    "test": 0.7337425251491394
  },
  "adme_solu": {
    "metric": "pearson",
    "val": 0.5396853831041135,
    "test": 0.5969912430647296
  }
}