{
  "adme_hlm": {
    "metric": "pearson",
    "val": 0.7271195310035217,
    "test": 0.7201697622180947
  },
  "adme_rlm": {
    "metric": "pearson",
    "val": 0.7365834372894333,
    "test": 0.7507773529009912
  },
  "adme_mdr1": {
    "metric": "pearson",
    "val": 0.7235183080503507,
    "test": 0.7612179988610226
  },
  "adme_solu": {
    "metric": "pearson",
    "val": 0.5594335864747275,
    "test": 0.5944077893735789
  }
}