{
  "caco2_wang": {
    "metric": "mae",
    "val": 0.3207279036185173,
    "test": 0.31790574389195536
  },
  "hia_hou": {
    "metric": "roc-auc",
    "val": 0.9802083333333333,
    "test": 0.9753086419753088
  },
  "pgp_broccatelli": {
    "metric": "roc-auc",
    "val": 0.9212786259541985,
    "test": 0.9275526526259665
  },
  "bioavailability_ma": {
    "metric": "roc-auc",
    "val": 0.7896193771626298,
    "test": 0.7266378450282673
  },
  "lipophilicity_astrazeneca": {
    "metric": "mae",
    "val": 0.46715199595717294,
    "test": 0.5172203807532688
  },
  "solubility_aqsoldb": {
    "metric": "mae",
    "val": 0.6274013004588989,
    "test": 0.761571312616539
  },
  "bbb_martins": {
    "metric": "roc-auc",
    "val": 0.9062653288740246,
    "test": 0.911702626641651
  },
  "ppbr_az": {
    "metric": "mae",
    "val": 9.965267432643829,
    "test": 7.892783164215503
  },
  "vdss_lombardo": {
    "metric": "spearman",
    "val": 0.7155310871733217,
    "test": 0.7119146006363818
  },
  "ld50_zhu": {
    "metric": "mae",
    "val": 0.45614471906697807,
    "test": 0.5877638288623035
  },
  "ames": {
    "metric": "roc-auc",
    "val": 0.8062683506547981,
    "test": 0.8442793083866925
  },
  "cyp2c9_veith": {
    "metric": "pr-auc",
    "val": 0.7951916662690915,
    "test": 0.7865506318923554
  },
  "cyp2c9_substrate_carbonmangels": {
    "metric": "pr-auc",
    "val": 0.4374938698705578,
    "test": 0.38391349937538244
  },
  "clearance_hepatocyte_az": {
    "metric": "spearman",
    "val": 0.5952588559208961,
    "test": 0.4388787543737349
  },
  "herg": {
    "metric": "roc-auc",
    "val": 0.849112426035503,
    "test": 0.8861561119293078
  },
  "half_life_obach": {
    "metric": "spearman",
    "val": 0.39635059779751536,
    "test": 0.5189424227351408
  },
  "cyp3a4_veith": {
    "metric": "pr-auc",
    "val": 0.8646037419904073,
    "test": 0.8742344045965718
  },
  "dili": {
    "metric": "roc-auc",
    "val": 0.8907624633431086,
    "test": 0.8826086956521738
  },
  "cyp2d6_substrate_carbonmangels": {
    "metric": "pr-auc",
    "val": 0.5911510517749983,
    "test": 0.7028219180892861
  },
  "cyp2d6_veith": {
    "metric": "pr-auc",
    "val": 0.6953726691187463,
    "test": 0.7137128300561916
  },
  "clearance_microsome_az": {
    "metric": "spearman",
    "val": 0.6898286941922613,
    "test": 0.5777538665782814
  },
  "cyp3a4_substrate_carbonmangels": {
    "metric": "roc-auc",
    "val": 0.6811188811188811,
    "test": 0.6443264014466547
  }
}