{
  "007_meta": {
    "caco2_wang": {
      "metric": "mae",
      "val": 0.36918503575409833,
      "test": 0.2916385397455802
    },
    "hia_hou": {
      "metric": "roc-auc",
      "val": 0.9802083333333333,
      "test": 0.9753086419753088
    },
    "pgp_broccatelli": {
      "metric": "roc-auc",
      "val": 0.9188931297709922,
      "test": 0.9264196214342842
    },
    "bioavailability_ma": {
      "metric": "roc-auc",
      "val": 0.5453287197231834,
      "test": 0.7140006651147323
    },
    "lipophilicity_astrazeneca": {
      "metric": "mae",
      "val": 0.49121445765294974,
      "test": 0.5575568090616275
    },
    "solubility_aqsoldb": {
      "metric": "mae",
      "val": 0.6485878128528666,
      "test": 0.7937618162731093
    },
    "bbb_martins": {
      "metric": "roc-auc",
      "val": 0.8848606465997769,
      "test": 0.9185428392745467
    },
    "ppbr_az": {
      "metric": "mae",
      "val": 9.965267432643829,
      "test": 7.892783164215503
    },
    "vdss_lombardo": {
      "metric": "spearman",
      "val": 0.8289598466609346,
      "test": 0.8451857612020917
    },
    "cyp2d6_veith": {
      "metric": "pr-auc",
      "val": 0.6757592596050607,
      "test": 0.7146255052070497
    },
    "cyp3a4_veith": {
      "metric": "pr-auc",
      "val": 0.8577615801333023,
      "test": 0.8764897093899303
    },
    "cyp2c9_veith": {
      "metric": "pr-auc",
      "val": 0.7954188309541657,
      "test": 0.7764338614066244
    },
    "cyp2d6_substrate_carbonmangels": {
      "metric": "pr-auc",
      "val": 0.6613984185088814,
      "test": 0.7454387617736862
    },
    "cyp3a4_substrate_carbonmangels": {
      "metric": "roc-auc",
      "val": 0.647902097902098,
      "test": 0.6477169981916817
    },
    "cyp2c9_substrate_carbonmangels": {
      "metric": "pr-auc",
      "val": 0.4958780630371579,
      "test": 0.4921485364896395
    },
    "half_life_obach": {
      "metric": "spearman",
      "val": 0.6521419388042397,
      "test": 0.8212455154259996
    },
    "clearance_microsome_az": {
      "metric": "spearman",
      "val": 0.6398789125760719,
      "test": 0.6251750909143624
    },
    "clearance_hepatocyte_az": {
      "metric": "spearman",
      "val": 0.558496253507738,
      "test": 0.4517131136014379
    },
    "herg": {
      "metric": "roc-auc",
      "val": 0.849112426035503,
      "test": 0.8861561119293078
    },
    "ames": {
      "metric": "roc-auc",
      "val": 0.8149007316959501,
      "test": 0.9545360198946522
    },
    "dili": {
      "metric": "roc-auc",
      "val": 0.876099706744868,
      "test": 0.8817391304347826
    },
    "ld50_zhu": {
      "metric": "mae",
      "val": 0.46387010337859474,
      "test": 0.6100438074470923
    }
  },
  "008_meta": {
    "caco2_wang": {
      "metric": "mae",
      "val": 0.36918503575409833,
      "test": 0.2916385397455802
    },
    "hia_hou": {
      "metric": "roc-auc",
      "val": 0.9802083333333333,
      "test": 0.9753086419753088
    },
    "pgp_broccatelli": {
      "metric": "roc-auc",
      "val": 0.9188931297709922,
      "test": 0.9264196214342842
    },
    "bioavailability_ma": {
      "metric": "roc-auc",
      "val": 0.7273356401384081,
      "test": 0.7362820086464915
    },
    "lipophilicity_astrazeneca": {
      "metric": "mae",
      "val": 0.49121445765294974,
      "test": 0.5575568090616275
    },
    "solubility_aqsoldb": {
      "metric": "mae",
      "val": 0.6485878128528666,
      "test": 0.7937618162731093
    },
    "bbb_martins": {
      "metric": "roc-auc",
      "val": 0.8848606465997769,
      "test": 0.9185428392745467
    },
    "ppbr_az": {
      "metric": "mae",
      "val": 9.965267432643829,
      "test": 7.892783164215503
    },
    "vdss_lombardo": {
      "metric": "spearman",
      "val": 0.8289598466609346,
      "test": 0.8451857612020917
    },
    "cyp2d6_veith": {
      "metric": "pr-auc",
      "val": 0.6757592596050607,
      "test": 0.7146255052070497
    },
    "cyp3a4_veith": {
      "metric": "pr-auc",
      "val": 0.8577615801333023,
      "test": 0.8764897093899303
    },
    "cyp2c9_veith": {
      "metric": "pr-auc",
      "val": 0.7954188309541657,
      "test": 0.7764338614066244
    },
    "cyp2d6_substrate_carbonmangels": {
      "metric": "pr-auc",
      "val": 0.6613984185088814,
      "test": 0.7454387617736862
    },
    "cyp3a4_substrate_carbonmangels": {
      "metric": "roc-auc",
      "val": 0.647902097902098,
      "test": 0.6477169981916817
    },
    "cyp2c9_substrate_carbonmangels": {
      "metric": "pr-auc",
      "val": 0.4958780630371579,
      "test": 0.4921485364896395
    },
    "half_life_obach": {
      "metric": "spearman",
      "val": 0.6521419388042397,
      "test": 0.8212455154259996
    },
    "clearance_microsome_az": {
      "metric": "spearman",
      "val": 0.6398789125760719,
      "test": 0.6251750909143624
    },
    "clearance_hepatocyte_az": {
      "metric": "spearman",
      "val": 0.558496253507738,
      "test": 0.4517131136014379
    },
    "herg": {
      "metric": "roc-auc",
      "val": 0.849112426035503,
      "test": 0.8861561119293078
    },
    "ames": {
      "metric": "roc-auc",
      "val": 0.8149007316959501,
      "test": 0.9545360198946522
    },
    "dili": {
      "metric": "roc-auc",
      "val": 0.876099706744868,
      "test": 0.8817391304347826
    },
    "ld50_zhu": {
      "metric": "mae",
      "val": 0.46387010337859474,
      "test": 0.6100438074470923
    }
  },
  "012_meta": {
    "caco2_wang": {
      "metric": "mae",
      "val": 0.36918503575409833,
      "test": 0.2916385397455802
    },
    "hia_hou": {
      "metric": "roc-auc",
      "val": 0.9802083333333333,
      "test": 0.9753086419753088
    },
    "pgp_broccatelli": {
      "metric": "roc-auc",
      "val": 0.9188931297709922,
      "test": 0.9264196214342842
    },
    "bioavailability_ma": {
      "metric": "roc-auc",
      "val": 0.7273356401384081,
      "test": 0.7362820086464915
    },
    "lipophilicity_astrazeneca": {
      "metric": "mae",
      "val": 0.49121445765294974,
      "test": 0.5575568090616275
    },
    "solubility_aqsoldb": {
      "metric": "mae",
      "val": 0.6485878128528666,
      "test": 0.7937618162731093
    },
    "bbb_martins": {
      "metric": "roc-auc",
      "val": 0.8848606465997769,
      "test": 0.9185428392745467
    },
    "ppbr_az": {
      "metric": "mae",
      "val": 9.965267432643829,
      "test": 7.892783164215503
    },
    "vdss_lombardo": {
      "metric": "spearman",
      "val": 0.8289598466609346,
      "test": 0.8451857612020917
    },
    "cyp2d6_veith": {
      "metric": "pr-auc",
      "val": 0.6757592596050607,
      "test": 0.7146255052070497
    },
    "cyp3a4_veith": {
      "metric": "pr-auc",
      "val": 0.8577615801333023,
      "test": 0.8764897093899303
    },
    "cyp2c9_veith": {
      "metric": "pr-auc",
      "val": 0.7954188309541657,
      "test": 0.7764338614066244
    },
    "cyp2d6_substrate_carbonmangels": {
      "metric": "pr-auc",
      "val": 0.6613984185088814,
      "test": 0.7454387617736862
    },
    "cyp3a4_substrate_carbonmangels": {
      "metric": "roc-auc",
      "val": 0.647902097902098,
      "test": 0.6477169981916817
    },
    "cyp2c9_substrate_carbonmangels": {
      "metric": "pr-auc",
      "val": 0.4958780630371579,
      "test": 0.4921485364896395
    },
    "half_life_obach": {
      "metric": "spearman",
      "val": 0.6521419388042397,
      "test": 0.8212455154259996
    },
    "clearance_microsome_az": {
      "metric": "spearman",
      "val": 0.6398789125760719,
      "test": 0.6251750909143624
    },
    "clearance_hepatocyte_az": {
      "metric": "spearman",
      "val": 0.558496253507738,
      "test": 0.4517131136014379
    },
    "herg": {
      "metric": "roc-auc",
      "val": 0.849112426035503,
      "test": 0.8861561119293078
    },
    "ames": {
      "metric": "roc-auc",
      "val": 0.8149007316959501,